MinionIndex,CharacterName,MinionSpritePath,MinionSpriteName,MinionAnim,MaxAC,AttackRange,AttackPower,AttackCooldown,Cost,SkillID,UpgradeData,DeliveryType,SearchScope,MaxTargets,AtkSpritePath,AtkSpriteName,AtkAnimClip,AtkSFX,ProjectileType,ProjectileHitType,ProjectileSpeed,ProjectileDuration,MinionType
1001,Pawn,Assets/03.Assets/Minion/DefaultSprites/default_minion-Photoroom.png,default_minion-Photoroom_0,Assets/03.Assets/Minion/Idle/Idle_Anim/Pawn_Idle.anim,7,3.5,6,2,100,5002,2001|10|5|30;2002|10|0.1|35;2003|5|1|50,Instant,SingleTarget,0,Assets/03.Assets/Skill/Bullet.png,Bullet,,,Chase,Impact,0,0,Pawn
1002,Archer Pawn,Assets/03.Assets/Minion/DefaultSprites/Pawn_Minion.png,Pawn_Minion_0,Assets/03.Assets/Minion/Idle/Idle_Anim/Archer_Pawn_Idle.anim,7,5,20,2.5,120,5002,2002|10|0.2|50;2004|10|1|10;2005|5|1|35,Projectile,SingleTarget,0,Assets/03.Assets/Skill/Bullet.png,Bullet,,,Chase,Impact,15,0,Pawn
1003,Thief Pawn,Assets/03.Assets/Minion/DefaultSprites/Pawn_Minion.png,Pawn_Minion_1,Assets/03.Assets/Minion/Idle/Idle_Anim/Thief_Pawn_Idle.anim,7,3,10,2,140,5003,2001|15|5|30;2002|10|0.1|30;2003|5|1|50,Instant,SingleTarget,0,Assets/03.Assets/Skill/Bullet.png,Bullet,,,Chase,Impact,0,0,Pawn
1004,Guardian Pawn,Assets/03.Assets/Minion/DefaultSprites/Pawn_Minion.png,Pawn_Minion_2,Assets/03.Assets/Minion/Idle/Idle_Anim/Guardian_Pawn_Idle.anim,5,4.5,25,3,140,5004,2001|10|5|30;2002|20|0.1|35;2005|5|1|30,Instant,SingleTarget,0,Assets/03.Assets/Skill/Bullet.png,Bullet,,,Chase,Impact,0,0,Pawn
1005,Soldier Pawn,Assets/03.Assets/Minion/DefaultSprites/Pawn_Minion.png,Pawn_Minion_3,Assets/03.Assets/Minion/Idle/Idle_Anim/Soldier_Pawn_Idle.anim,30,8,5,0.7,200,5005,2001|25|2|25;2002|5|0.1|50;2003|5|1|25,Projectile,SingleTarget,0,Assets/03.Assets/Skill/Bullet.png,Bullet,,,Chase,Impact,25,0,Pawn
1006,UAV Pawn,Assets/03.Assets/Minion/DefaultSprites/Pawn_Minion.png,Pawn_Minion_4,Assets/03.Assets/Minion/Idle/Idle_Anim/UAV_Pawn_Idle.anim,25,10,10,1.5,200,5006,2001|10|5|30;2002|10|0.1|20;2003|5|1|55,Projectile,SingleTarget,0,Assets/03.Assets/Skill/Bullet.png,Bullet,,,Chase,Impact,20,0,Pawn
1007,Knight,Assets/03.Assets/Minion/DefaultSprites/default_minion-Photoroom.png,default_minion-Photoroom_1,Assets/03.Assets/Minion/Idle/Idle_Anim/Knight_Idle.anim,5,4,12,2.2,130,5007,2001|10|5|30;2002|12|0.1|40;2003|3|1|50,Instant,SingleTarget,0,Assets/03.Assets/Skill/Bullet.png,Bullet,,,Chase,Impact,0,0,Knight
1008,Hood Knight,Assets/03.Assets/Minion/DefaultSprites/Knight_Minion.png,Knight_Minion_1,Assets/03.Assets/Minion/Idle/Idle_Anim/Hood_Knight_Idle.anim,20,7,20,2,140,5008,2001|10|5|30;2002|15|0.1|40;2004|8|1|10,Projectile,SingleTarget,1,Assets/03.Assets/Skill/Bullet.png,Bullet,,,Chase,Impact,15,2,Knight
1009,Berserk Knight,Assets/03.Assets/Minion/DefaultSprites/Knight_Minion.png,Knight_Minion_2,Assets/03.Assets/Minion/Idle/Idle_Anim/Berserk_Knight_Idle.anim,30,3,200,5,220,5010,2001|20|7|55;2004|3|1|10;2003|10|1|40,Instant,SingleTarget,0,Assets/03.Assets/Skill/Bullet.png,Bullet,,,Chase,Impact,0,0,Knight
1010,Elite Knight,Assets/03.Assets/Minion/DefaultSprites/Knight_Minion.png,Knight_Minion_0,Assets/03.Assets/Minion/Idle/Idle_Anim/Elite_Knight_Idle.anim,2,3.5,2,1.5,150,5009,2002|10|0.1|50;2004|5|1|10;2005|5|1|55,Instant,SingleTarget,0,Assets/03.Assets/Skill/Bullet.png,Bullet,,,Chase,Impact,0,0,Knight
1011,Ghost Knight,Assets/03.Assets/Minion/DefaultSprites/Knight_Minion.png,Knight_Minion_3,Assets/03.Assets/Minion/Idle/Idle_Anim/Ghost_Knight_Idle.anim,10,7,15,1.2,180,5011,2001|10|5|30;2004|5|1|10;2003|5|1|45,Instant,SingleTarget,0,Assets/03.Assets/Skill/Bullet.png,Bullet,,,Chase,Impact,0,0,Knight
1012,Iron Knight,Assets/03.Assets/Minion/DefaultSprites/Knight_Minion.png,Knight_Minion_4,Assets/03.Assets/Minion/Idle/Idle_Anim/Iron_Knight_Idle.anim,10,7,50,3,220,5012,2001|15|5|30;2002|10|0.2|55;2004|5|1|15,Projectile,SingleTarget,0,Assets/03.Assets/Skill/Bullet.png,Bullet,,,Chase,Impact,25,0,Knight
1013,Bishop,Assets/03.Assets/Minion/DefaultSprites/default_minion-Photoroom.png,default_minion-Photoroom_3,Assets/03.Assets/Minion/Idle/Idle_Anim/Bishop_Idle.anim,5,4,7,2,180,5013,2001|10|5|30;2002|10|0.1|40;2003|3|1|50,Projectile,SingleTarget,0,Assets/03.Assets/Skill/Bullet.png,Bullet,,,Straight,Pierce,15,0.2,Bishop
1014,RedMage Bishop,Assets/03.Assets/Minion/DefaultSprites/Bishop_Minion.png,Bishop_Minion_0,Assets/03.Assets/Minion/Idle/Idle_Anim/RedMage_Bishop_Idle.anim,10,5,20,2,200,5014,2001|10|5|30;2002|10|0.1|40;2005|2|1|50,Projectile,SingleTarget,0,Assets/03.Assets/Skill/Bullet.png,Bullet,,,Straight,Pierce,10,1,Bishop
1015,BlueMage Bishop,Assets/03.Assets/Minion/DefaultSprites/Bishop_Minion.png,Bishop_Minion_1,Assets/03.Assets/Minion/Idle/Idle_Anim/BlueMage_Bishop_Idle.anim,5,5,15,1.8,200,5015,2001|10|5|30;2002|10|0.1|50;2005|5|1|50,Projectile,SingleTarget,0,Assets/03.Assets/Skill/Bullet.png,Bullet,,,Straight,Pierce,10,1,Bishop
1016,YellowMage Bishop,Assets/03.Assets/Minion/DefaultSprites/Bishop_Minion.png,Bishop_Minion_2,Assets/03.Assets/Minion/Idle/Idle_Anim/YellowMage_Bishop_Idle.anim,10,4,7,1.5,200,5016,2001|10|5|40;2002|12|0.1|50;2004|5|1|10,Projectile,SingleTarget,0,Assets/03.Assets/Skill/Bullet.png,Bullet,,,Straight,Pierce,15,0.5,Bishop
1017,Prism Bishop,Assets/03.Assets/Minion/DefaultSprites/Bishop_Minion.png,Bishop_Minion_3,Assets/03.Assets/Minion/Idle/Idle_Anim/Prism_Bishop_Idle.anim,20,4,20,1.5,180,5017,2002|10|0.1|40;2004|5|1|20;2003|5|1|50,Projectile,SingleTarget,0,Assets/03.Assets/Skill/Bullet.png,Bullet,,,Straight,Pierce,10,1,Bishop
1018,Sniper Bishop,Assets/03.Assets/Minion/DefaultSprites/Bishop_Minion.png,Bishop_Minion_4,Assets/03.Assets/Minion/Idle/Idle_Anim/Sniper_Bishop_Idle.anim,5,7,50,3,220,5018,2001|10|7|45;2002|10|0.2|60;2005|5|1|45,Projectile,SingleTarget,0,Assets/03.Assets/Skill/Bullet.png,Bullet,,,Straight,Pierce,25,1,Bishop
1019,Rook,Assets/03.Assets/Minion/DefaultSprites/default_minion-Photoroom.png,default_minion-Photoroom_2,Assets/03.Assets/Minion/Idle/Idle_Anim/Rook_Idle.anim,15,7,5,2,180,5019,2001|10|7|45;2002|10|0.1|35;2003|5|1|50,Projectile,Area,0,Assets/03.Assets/Skill/Bullet.png,Bullet,,,Chase,Impact,20,0,Rook
1020,Plasma Rook,Assets/03.Assets/Minion/DefaultSprites/Rook_Minion.png,Rook_Minion_0,Assets/03.Assets/Minion/Idle/Idle_Anim/Plasma_Rook_Idle.anim,9,4,5,1.2,200,5020,2001|10|7|45;2004|5|1|10;2003|5|1|50,Instant,Area,0,Assets/03.Assets/Skill/Bullet.png,Bullet,,,Chase,Impact,0,0,Rook
1021,Church Rook,Assets/03.Assets/Minion/DefaultSprites/Rook_Minion.png,Rook_Minion_1,Assets/03.Assets/Minion/Idle/Idle_Anim/Church_Rook_Idle.anim,15,7,12,2,240,5021,2001|10|5|45;2002|10|0.1|35;2005|3|1|50,Projectile,Area,0,Assets/03.Assets/Skill/Bullet.png,Bullet,,,Chase,Impact,20,0,Rook
1022,HellTower Rook,Assets/03.Assets/Minion/DefaultSprites/Rook_Minion.png,Rook_Minion_3,Assets/03.Assets/Minion/Idle/Idle_Anim/HellTower_Rook_Idle.anim,15,7,12,2,240,5022,2001|10|5|45;2002|10|0.1|35;2003|5|1|50,Projectile,Area,0,Assets/03.Assets/Skill/Bullet.png,Bullet,,,Chase,Impact,20,0,Rook
1023,Barricade Rook,Assets/03.Assets/Minion/DefaultSprites/Rook_Minion.png,Rook_Minion_2,Assets/03.Assets/Minion/Idle/Idle_Anim/Barricade_Rook_Idle.anim,80,7,2,1,220,5024,2001|10|5|45;2002|4|0.2|80;2003|10|1|50,Projectile,Area,0,Assets/03.Assets/Skill/Bullet.png,Bullet,,,Chase,Impact,20,0,Rook
1024,Atlantis Rook,Assets/03.Assets/Minion/DefaultSprites/Rook_Minion.png,Rook_Minion_4,Assets/03.Assets/Minion/Idle/Idle_Anim/Atlantis_Rook_Idle.anim,15,7,12,2,220,5023,2001|10|5|45;2002|10|0.1|35;2003|5|1|50,Projectile,Area,0,Assets/03.Assets/Skill/Bullet.png,Bullet,,,Chase,Impact,20,0,Rook
1025,Queen,Assets/03.Assets/Minion/DefaultSprites/default_minion-Photoroom.png,default_minion-Photoroom_4,Assets/03.Assets/Minion/Idle/Idle_Anim/Queen_Idle.anim,25,3,10,2.5,300,5025,2002|10|0.1|40;2004|7|1|20;2003|10|1|50,Projectile,SingleTarget,0,Assets/03.Assets/Skill/Bullet.png,Bullet,,,Chase,Impact,20,0,Queen
